{"fitness":2,"jumps":[{"nearestCactus":{"type":1,"position":{"x":9.18280029296875,"y":-0.09560000151395798}},"distanceToNearestCactus":{"x":1.1077613830566407,"y":0.014399997889995575}},{"nearestCactus":{"type":2,"position":{"x":14.246000289916993,"y":-0.09600000083446503}},"distanceToNearestCactus":{"x":1.3146533966064454,"y":0.0192907452583313}},{"nearestCactus":{"type":3,"position":{"x":25.05900001525879,"y":-0.0820000022649765}},"distanceToNearestCactus":{"x":0.68328857421875,"y":0.02807893604040146}}]}
